{
  "hash": "3edc3765",
  "configHash": "ec529e60",
  "lockfileHash": "c8158604",
  "browserHash": "af45d189",
  "optimized": {
    "@angular/common": {
      "src": "../../../../../../node_modules/@angular/common/fesm2022/common.mjs",
      "file": "@angular_common.js",
      "fileHash": "0cd08309",
      "needsInterop": false
    },
    "@angular/common/http": {
      "src": "../../../../../../node_modules/@angular/common/fesm2022/http.mjs",
      "file": "@angular_common_http.js",
      "fileHash": "6375974d",
      "needsInterop": false
    },
    "@angular/core": {
      "src": "../../../../../../node_modules/@angular/core/fesm2022/core.mjs",
      "file": "@angular_core.js",
      "fileHash": "321a3e5c",
      "needsInterop": false
    },
    "@angular/forms": {
      "src": "../../../../../../node_modules/@angular/forms/fesm2022/forms.mjs",
      "file": "@angular_forms.js",
      "fileHash": "7e1ac945",
      "needsInterop": false
    },
    "@angular/platform-browser": {
      "src": "../../../../../../node_modules/@angular/platform-browser/fesm2022/platform-browser.mjs",
      "file": "@angular_platform-browser.js",
      "fileHash": "ab90d236",
      "needsInterop": false
    },
    "@angular/platform-browser/animations": {
      "src": "../../../../../../node_modules/@angular/platform-browser/fesm2022/animations.mjs",
      "file": "@angular_platform-browser_animations.js",
      "fileHash": "3efa5824",
      "needsInterop": false
    },
    "@angular/router": {
      "src": "../../../../../../node_modules/@angular/router/fesm2022/router.mjs",
      "file": "@angular_router.js",
      "fileHash": "6cc39dac",
      "needsInterop": false
    },
    "primeng/accordion": {
      "src": "../../../../../../node_modules/primeng/fesm2022/primeng-accordion.mjs",
      "file": "primeng_accordion.js",
      "fileHash": "0e9b75c8",
      "needsInterop": false
    },
    "primeng/animate": {
      "src": "../../../../../../node_modules/primeng/fesm2022/primeng-animate.mjs",
      "file": "primeng_animate.js",
      "fileHash": "0786977f",
      "needsInterop": false
    },
    "primeng/animateonscroll": {
      "src": "../../../../../../node_modules/primeng/fesm2022/primeng-animateonscroll.mjs",
      "file": "primeng_animateonscroll.js",
      "fileHash": "29775f77",
      "needsInterop": false
    },
    "primeng/api": {
      "src": "../../../../../../node_modules/primeng/fesm2022/primeng-api.mjs",
      "file": "primeng_api.js",
      "fileHash": "7adc1b3c",
      "needsInterop": false
    },
    "primeng/autocomplete": {
      "src": "../../../../../../node_modules/primeng/fesm2022/primeng-autocomplete.mjs",
      "file": "primeng_autocomplete.js",
      "fileHash": "0a90393f",
      "needsInterop": false
    },
    "primeng/autofocus": {
      "src": "../../../../../../node_modules/primeng/fesm2022/primeng-autofocus.mjs",
      "file": "primeng_autofocus.js",
      "fileHash": "15a08679",
      "needsInterop": false
    },
    "primeng/avatar": {
      "src": "../../../../../../node_modules/primeng/fesm2022/primeng-avatar.mjs",
      "file": "primeng_avatar.js",
      "fileHash": "0500ec9d",
      "needsInterop": false
    },
    "primeng/avatargroup": {
      "src": "../../../../../../node_modules/primeng/fesm2022/primeng-avatargroup.mjs",
      "file": "primeng_avatargroup.js",
      "fileHash": "de30c1bc",
      "needsInterop": false
    },
    "primeng/badge": {
      "src": "../../../../../../node_modules/primeng/fesm2022/primeng-badge.mjs",
      "file": "primeng_badge.js",
      "fileHash": "cd9d76df",
      "needsInterop": false
    },
    "primeng/blockui": {
      "src": "../../../../../../node_modules/primeng/fesm2022/primeng-blockui.mjs",
      "file": "primeng_blockui.js",
      "fileHash": "c3538ba3",
      "needsInterop": false
    },
    "primeng/breadcrumb": {
      "src": "../../../../../../node_modules/primeng/fesm2022/primeng-breadcrumb.mjs",
      "file": "primeng_breadcrumb.js",
      "fileHash": "fd2b3ddb",
      "needsInterop": false
    },
    "primeng/button": {
      "src": "../../../../../../node_modules/primeng/fesm2022/primeng-button.mjs",
      "file": "primeng_button.js",
      "fileHash": "21afe1b3",
      "needsInterop": false
    },
    "primeng/buttongroup": {
      "src": "../../../../../../node_modules/primeng/fesm2022/primeng-buttongroup.mjs",
      "file": "primeng_buttongroup.js",
      "fileHash": "7a1f5ee4",
      "needsInterop": false
    },
    "primeng/calendar": {
      "src": "../../../../../../node_modules/primeng/fesm2022/primeng-calendar.mjs",
      "file": "primeng_calendar.js",
      "fileHash": "f25eb7dc",
      "needsInterop": false
    },
    "primeng/card": {
      "src": "../../../../../../node_modules/primeng/fesm2022/primeng-card.mjs",
      "file": "primeng_card.js",
      "fileHash": "6dd9b594",
      "needsInterop": false
    },
    "primeng/carousel": {
      "src": "../../../../../../node_modules/primeng/fesm2022/primeng-carousel.mjs",
      "file": "primeng_carousel.js",
      "fileHash": "054b0b2e",
      "needsInterop": false
    },
    "primeng/cascadeselect": {
      "src": "../../../../../../node_modules/primeng/fesm2022/primeng-cascadeselect.mjs",
      "file": "primeng_cascadeselect.js",
      "fileHash": "c33a8698",
      "needsInterop": false
    },
    "primeng/chart": {
      "src": "../../../../../../node_modules/primeng/fesm2022/primeng-chart.mjs",
      "file": "primeng_chart.js",
      "fileHash": "54461b82",
      "needsInterop": false
    },
    "primeng/checkbox": {
      "src": "../../../../../../node_modules/primeng/fesm2022/primeng-checkbox.mjs",
      "file": "primeng_checkbox.js",
      "fileHash": "4775ac64",
      "needsInterop": false
    },
    "primeng/chip": {
      "src": "../../../../../../node_modules/primeng/fesm2022/primeng-chip.mjs",
      "file": "primeng_chip.js",
      "fileHash": "3396a5b1",
      "needsInterop": false
    },
    "primeng/chips": {
      "src": "../../../../../../node_modules/primeng/fesm2022/primeng-chips.mjs",
      "file": "primeng_chips.js",
      "fileHash": "b7065a35",
      "needsInterop": false
    },
    "primeng/colorpicker": {
      "src": "../../../../../../node_modules/primeng/fesm2022/primeng-colorpicker.mjs",
      "file": "primeng_colorpicker.js",
      "fileHash": "d1f2f107",
      "needsInterop": false
    },
    "primeng/confirmdialog": {
      "src": "../../../../../../node_modules/primeng/fesm2022/primeng-confirmdialog.mjs",
      "file": "primeng_confirmdialog.js",
      "fileHash": "4062a3b9",
      "needsInterop": false
    },
    "primeng/confirmpopup": {
      "src": "../../../../../../node_modules/primeng/fesm2022/primeng-confirmpopup.mjs",
      "file": "primeng_confirmpopup.js",
      "fileHash": "693ca915",
      "needsInterop": false
    },
    "primeng/contextmenu": {
      "src": "../../../../../../node_modules/primeng/fesm2022/primeng-contextmenu.mjs",
      "file": "primeng_contextmenu.js",
      "fileHash": "3dbee045",
      "needsInterop": false
    },
    "primeng/dataview": {
      "src": "../../../../../../node_modules/primeng/fesm2022/primeng-dataview.mjs",
      "file": "primeng_dataview.js",
      "fileHash": "ba7a3d96",
      "needsInterop": false
    },
    "primeng/defer": {
      "src": "../../../../../../node_modules/primeng/fesm2022/primeng-defer.mjs",
      "file": "primeng_defer.js",
      "fileHash": "1a921d75",
      "needsInterop": false
    },
    "primeng/dialog": {
      "src": "../../../../../../node_modules/primeng/fesm2022/primeng-dialog.mjs",
      "file": "primeng_dialog.js",
      "fileHash": "351ccdfd",
      "needsInterop": false
    },
    "primeng/divider": {
      "src": "../../../../../../node_modules/primeng/fesm2022/primeng-divider.mjs",
      "file": "primeng_divider.js",
      "fileHash": "fd4364ea",
      "needsInterop": false
    },
    "primeng/dock": {
      "src": "../../../../../../node_modules/primeng/fesm2022/primeng-dock.mjs",
      "file": "primeng_dock.js",
      "fileHash": "864fa732",
      "needsInterop": false
    },
    "primeng/dragdrop": {
      "src": "../../../../../../node_modules/primeng/fesm2022/primeng-dragdrop.mjs",
      "file": "primeng_dragdrop.js",
      "fileHash": "9d66c39d",
      "needsInterop": false
    },
    "primeng/dropdown": {
      "src": "../../../../../../node_modules/primeng/fesm2022/primeng-dropdown.mjs",
      "file": "primeng_dropdown.js",
      "fileHash": "546d0c6d",
      "needsInterop": false
    },
    "primeng/dynamicdialog": {
      "src": "../../../../../../node_modules/primeng/fesm2022/primeng-dynamicdialog.mjs",
      "file": "primeng_dynamicdialog.js",
      "fileHash": "6045ee70",
      "needsInterop": false
    },
    "primeng/editor": {
      "src": "../../../../../../node_modules/primeng/fesm2022/primeng-editor.mjs",
      "file": "primeng_editor.js",
      "fileHash": "5a76afe4",
      "needsInterop": false
    },
    "primeng/fieldset": {
      "src": "../../../../../../node_modules/primeng/fesm2022/primeng-fieldset.mjs",
      "file": "primeng_fieldset.js",
      "fileHash": "0f38ee82",
      "needsInterop": false
    },
    "primeng/fileupload": {
      "src": "../../../../../../node_modules/primeng/fesm2022/primeng-fileupload.mjs",
      "file": "primeng_fileupload.js",
      "fileHash": "36da0c9e",
      "needsInterop": false
    },
    "primeng/floatlabel": {
      "src": "../../../../../../node_modules/primeng/fesm2022/primeng-floatlabel.mjs",
      "file": "primeng_floatlabel.js",
      "fileHash": "6abbefc3",
      "needsInterop": false
    },
    "primeng/focustrap": {
      "src": "../../../../../../node_modules/primeng/fesm2022/primeng-focustrap.mjs",
      "file": "primeng_focustrap.js",
      "fileHash": "6d1d5a82",
      "needsInterop": false
    },
    "primeng/galleria": {
      "src": "../../../../../../node_modules/primeng/fesm2022/primeng-galleria.mjs",
      "file": "primeng_galleria.js",
      "fileHash": "647c9cf9",
      "needsInterop": false
    },
    "primeng/iconfield": {
      "src": "../../../../../../node_modules/primeng/fesm2022/primeng-iconfield.mjs",
      "file": "primeng_iconfield.js",
      "fileHash": "e6c62e59",
      "needsInterop": false
    },
    "primeng/image": {
      "src": "../../../../../../node_modules/primeng/fesm2022/primeng-image.mjs",
      "file": "primeng_image.js",
      "fileHash": "7c4074f1",
      "needsInterop": false
    },
    "primeng/inplace": {
      "src": "../../../../../../node_modules/primeng/fesm2022/primeng-inplace.mjs",
      "file": "primeng_inplace.js",
      "fileHash": "5cea42f1",
      "needsInterop": false
    },
    "primeng/inputgroup": {
      "src": "../../../../../../node_modules/primeng/fesm2022/primeng-inputgroup.mjs",
      "file": "primeng_inputgroup.js",
      "fileHash": "4223d991",
      "needsInterop": false
    },
    "primeng/inputgroupaddon": {
      "src": "../../../../../../node_modules/primeng/fesm2022/primeng-inputgroupaddon.mjs",
      "file": "primeng_inputgroupaddon.js",
      "fileHash": "13ae779b",
      "needsInterop": false
    },
    "primeng/inputicon": {
      "src": "../../../../../../node_modules/primeng/fesm2022/primeng-inputicon.mjs",
      "file": "primeng_inputicon.js",
      "fileHash": "e7d912b9",
      "needsInterop": false
    },
    "primeng/inputmask": {
      "src": "../../../../../../node_modules/primeng/fesm2022/primeng-inputmask.mjs",
      "file": "primeng_inputmask.js",
      "fileHash": "1667806e",
      "needsInterop": false
    },
    "primeng/inputnumber": {
      "src": "../../../../../../node_modules/primeng/fesm2022/primeng-inputnumber.mjs",
      "file": "primeng_inputnumber.js",
      "fileHash": "1f518a06",
      "needsInterop": false
    },
    "primeng/inputotp": {
      "src": "../../../../../../node_modules/primeng/fesm2022/primeng-inputotp.mjs",
      "file": "primeng_inputotp.js",
      "fileHash": "2db88896",
      "needsInterop": false
    },
    "primeng/inputswitch": {
      "src": "../../../../../../node_modules/primeng/fesm2022/primeng-inputswitch.mjs",
      "file": "primeng_inputswitch.js",
      "fileHash": "e3d2dc5a",
      "needsInterop": false
    },
    "primeng/inputtext": {
      "src": "../../../../../../node_modules/primeng/fesm2022/primeng-inputtext.mjs",
      "file": "primeng_inputtext.js",
      "fileHash": "e8e13662",
      "needsInterop": false
    },
    "primeng/inputtextarea": {
      "src": "../../../../../../node_modules/primeng/fesm2022/primeng-inputtextarea.mjs",
      "file": "primeng_inputtextarea.js",
      "fileHash": "0ee084d2",
      "needsInterop": false
    },
    "primeng/knob": {
      "src": "../../../../../../node_modules/primeng/fesm2022/primeng-knob.mjs",
      "file": "primeng_knob.js",
      "fileHash": "27c8179c",
      "needsInterop": false
    },
    "primeng/listbox": {
      "src": "../../../../../../node_modules/primeng/fesm2022/primeng-listbox.mjs",
      "file": "primeng_listbox.js",
      "fileHash": "b8c0e536",
      "needsInterop": false
    },
    "primeng/megamenu": {
      "src": "../../../../../../node_modules/primeng/fesm2022/primeng-megamenu.mjs",
      "file": "primeng_megamenu.js",
      "fileHash": "bd556e6b",
      "needsInterop": false
    },
    "primeng/menu": {
      "src": "../../../../../../node_modules/primeng/fesm2022/primeng-menu.mjs",
      "file": "primeng_menu.js",
      "fileHash": "43668b55",
      "needsInterop": false
    },
    "primeng/menubar": {
      "src": "../../../../../../node_modules/primeng/fesm2022/primeng-menubar.mjs",
      "file": "primeng_menubar.js",
      "fileHash": "b63b9784",
      "needsInterop": false
    },
    "primeng/message": {
      "src": "../../../../../../node_modules/primeng/fesm2022/primeng-message.mjs",
      "file": "primeng_message.js",
      "fileHash": "79868c6b",
      "needsInterop": false
    },
    "primeng/messages": {
      "src": "../../../../../../node_modules/primeng/fesm2022/primeng-messages.mjs",
      "file": "primeng_messages.js",
      "fileHash": "ba2b7e50",
      "needsInterop": false
    },
    "primeng/metergroup": {
      "src": "../../../../../../node_modules/primeng/fesm2022/primeng-metergroup.mjs",
      "file": "primeng_metergroup.js",
      "fileHash": "bc2f03f5",
      "needsInterop": false
    },
    "primeng/multiselect": {
      "src": "../../../../../../node_modules/primeng/fesm2022/primeng-multiselect.mjs",
      "file": "primeng_multiselect.js",
      "fileHash": "6dc3d74b",
      "needsInterop": false
    },
    "primeng/orderlist": {
      "src": "../../../../../../node_modules/primeng/fesm2022/primeng-orderlist.mjs",
      "file": "primeng_orderlist.js",
      "fileHash": "e7bd475e",
      "needsInterop": false
    },
    "primeng/organizationchart": {
      "src": "../../../../../../node_modules/primeng/fesm2022/primeng-organizationchart.mjs",
      "file": "primeng_organizationchart.js",
      "fileHash": "bca1e53d",
      "needsInterop": false
    },
    "primeng/overlaypanel": {
      "src": "../../../../../../node_modules/primeng/fesm2022/primeng-overlaypanel.mjs",
      "file": "primeng_overlaypanel.js",
      "fileHash": "2a8f8517",
      "needsInterop": false
    },
    "primeng/paginator": {
      "src": "../../../../../../node_modules/primeng/fesm2022/primeng-paginator.mjs",
      "file": "primeng_paginator.js",
      "fileHash": "d243ee5b",
      "needsInterop": false
    },
    "primeng/panel": {
      "src": "../../../../../../node_modules/primeng/fesm2022/primeng-panel.mjs",
      "file": "primeng_panel.js",
      "fileHash": "69667737",
      "needsInterop": false
    },
    "primeng/panelmenu": {
      "src": "../../../../../../node_modules/primeng/fesm2022/primeng-panelmenu.mjs",
      "file": "primeng_panelmenu.js",
      "fileHash": "3c3a9874",
      "needsInterop": false
    },
    "primeng/password": {
      "src": "../../../../../../node_modules/primeng/fesm2022/primeng-password.mjs",
      "file": "primeng_password.js",
      "fileHash": "abbb3d81",
      "needsInterop": false
    },
    "primeng/picklist": {
      "src": "../../../../../../node_modules/primeng/fesm2022/primeng-picklist.mjs",
      "file": "primeng_picklist.js",
      "fileHash": "f1604af0",
      "needsInterop": false
    },
    "primeng/progressbar": {
      "src": "../../../../../../node_modules/primeng/fesm2022/primeng-progressbar.mjs",
      "file": "primeng_progressbar.js",
      "fileHash": "ed02ff0d",
      "needsInterop": false
    },
    "primeng/progressspinner": {
      "src": "../../../../../../node_modules/primeng/fesm2022/primeng-progressspinner.mjs",
      "file": "primeng_progressspinner.js",
      "fileHash": "80f00cf5",
      "needsInterop": false
    },
    "primeng/radiobutton": {
      "src": "../../../../../../node_modules/primeng/fesm2022/primeng-radiobutton.mjs",
      "file": "primeng_radiobutton.js",
      "fileHash": "a3c57d8f",
      "needsInterop": false
    },
    "primeng/rating": {
      "src": "../../../../../../node_modules/primeng/fesm2022/primeng-rating.mjs",
      "file": "primeng_rating.js",
      "fileHash": "7274c64c",
      "needsInterop": false
    },
    "primeng/ripple": {
      "src": "../../../../../../node_modules/primeng/fesm2022/primeng-ripple.mjs",
      "file": "primeng_ripple.js",
      "fileHash": "9bff2972",
      "needsInterop": false
    },
    "primeng/scroller": {
      "src": "../../../../../../node_modules/primeng/fesm2022/primeng-scroller.mjs",
      "file": "primeng_scroller.js",
      "fileHash": "21ac7a8a",
      "needsInterop": false
    },
    "primeng/scrollpanel": {
      "src": "../../../../../../node_modules/primeng/fesm2022/primeng-scrollpanel.mjs",
      "file": "primeng_scrollpanel.js",
      "fileHash": "50df2186",
      "needsInterop": false
    },
    "primeng/scrolltop": {
      "src": "../../../../../../node_modules/primeng/fesm2022/primeng-scrolltop.mjs",
      "file": "primeng_scrolltop.js",
      "fileHash": "39760f8f",
      "needsInterop": false
    },
    "primeng/selectbutton": {
      "src": "../../../../../../node_modules/primeng/fesm2022/primeng-selectbutton.mjs",
      "file": "primeng_selectbutton.js",
      "fileHash": "4bf26bb4",
      "needsInterop": false
    },
    "primeng/sidebar": {
      "src": "../../../../../../node_modules/primeng/fesm2022/primeng-sidebar.mjs",
      "file": "primeng_sidebar.js",
      "fileHash": "6184ea9b",
      "needsInterop": false
    },
    "primeng/skeleton": {
      "src": "../../../../../../node_modules/primeng/fesm2022/primeng-skeleton.mjs",
      "file": "primeng_skeleton.js",
      "fileHash": "7bc8f5c0",
      "needsInterop": false
    },
    "primeng/slidemenu": {
      "src": "../../../../../../node_modules/primeng/fesm2022/primeng-slidemenu.mjs",
      "file": "primeng_slidemenu.js",
      "fileHash": "44629201",
      "needsInterop": false
    },
    "primeng/slider": {
      "src": "../../../../../../node_modules/primeng/fesm2022/primeng-slider.mjs",
      "file": "primeng_slider.js",
      "fileHash": "0bf510ea",
      "needsInterop": false
    },
    "primeng/speeddial": {
      "src": "../../../../../../node_modules/primeng/fesm2022/primeng-speeddial.mjs",
      "file": "primeng_speeddial.js",
      "fileHash": "23b0e866",
      "needsInterop": false
    },
    "primeng/spinner": {
      "src": "../../../../../../node_modules/primeng/fesm2022/primeng-spinner.mjs",
      "file": "primeng_spinner.js",
      "fileHash": "de532dea",
      "needsInterop": false
    },
    "primeng/splitbutton": {
      "src": "../../../../../../node_modules/primeng/fesm2022/primeng-splitbutton.mjs",
      "file": "primeng_splitbutton.js",
      "fileHash": "14a6b72b",
      "needsInterop": false
    },
    "primeng/splitter": {
      "src": "../../../../../../node_modules/primeng/fesm2022/primeng-splitter.mjs",
      "file": "primeng_splitter.js",
      "fileHash": "69fa6ad7",
      "needsInterop": false
    },
    "primeng/stepper": {
      "src": "../../../../../../node_modules/primeng/fesm2022/primeng-stepper.mjs",
      "file": "primeng_stepper.js",
      "fileHash": "8cabadff",
      "needsInterop": false
    },
    "primeng/steps": {
      "src": "../../../../../../node_modules/primeng/fesm2022/primeng-steps.mjs",
      "file": "primeng_steps.js",
      "fileHash": "4168fc9b",
      "needsInterop": false
    },
    "primeng/styleclass": {
      "src": "../../../../../../node_modules/primeng/fesm2022/primeng-styleclass.mjs",
      "file": "primeng_styleclass.js",
      "fileHash": "bc4df8bb",
      "needsInterop": false
    },
    "primeng/table": {
      "src": "../../../../../../node_modules/primeng/fesm2022/primeng-table.mjs",
      "file": "primeng_table.js",
      "fileHash": "ddbea256",
      "needsInterop": false
    },
    "primeng/tabmenu": {
      "src": "../../../../../../node_modules/primeng/fesm2022/primeng-tabmenu.mjs",
      "file": "primeng_tabmenu.js",
      "fileHash": "2a496e40",
      "needsInterop": false
    },
    "primeng/tabview": {
      "src": "../../../../../../node_modules/primeng/fesm2022/primeng-tabview.mjs",
      "file": "primeng_tabview.js",
      "fileHash": "c1096cdf",
      "needsInterop": false
    },
    "primeng/tag": {
      "src": "../../../../../../node_modules/primeng/fesm2022/primeng-tag.mjs",
      "file": "primeng_tag.js",
      "fileHash": "e62b2e5f",
      "needsInterop": false
    },
    "primeng/terminal": {
      "src": "../../../../../../node_modules/primeng/fesm2022/primeng-terminal.mjs",
      "file": "primeng_terminal.js",
      "fileHash": "61770e3c",
      "needsInterop": false
    },
    "primeng/tieredmenu": {
      "src": "../../../../../../node_modules/primeng/fesm2022/primeng-tieredmenu.mjs",
      "file": "primeng_tieredmenu.js",
      "fileHash": "de9df001",
      "needsInterop": false
    },
    "primeng/timeline": {
      "src": "../../../../../../node_modules/primeng/fesm2022/primeng-timeline.mjs",
      "file": "primeng_timeline.js",
      "fileHash": "b4919320",
      "needsInterop": false
    },
    "primeng/toast": {
      "src": "../../../../../../node_modules/primeng/fesm2022/primeng-toast.mjs",
      "file": "primeng_toast.js",
      "fileHash": "0421d471",
      "needsInterop": false
    },
    "primeng/togglebutton": {
      "src": "../../../../../../node_modules/primeng/fesm2022/primeng-togglebutton.mjs",
      "file": "primeng_togglebutton.js",
      "fileHash": "fcb881d5",
      "needsInterop": false
    },
    "primeng/toolbar": {
      "src": "../../../../../../node_modules/primeng/fesm2022/primeng-toolbar.mjs",
      "file": "primeng_toolbar.js",
      "fileHash": "ebd5676b",
      "needsInterop": false
    },
    "primeng/tooltip": {
      "src": "../../../../../../node_modules/primeng/fesm2022/primeng-tooltip.mjs",
      "file": "primeng_tooltip.js",
      "fileHash": "09f2bc09",
      "needsInterop": false
    },
    "primeng/tree": {
      "src": "../../../../../../node_modules/primeng/fesm2022/primeng-tree.mjs",
      "file": "primeng_tree.js",
      "fileHash": "14825e11",
      "needsInterop": false
    },
    "primeng/treeselect": {
      "src": "../../../../../../node_modules/primeng/fesm2022/primeng-treeselect.mjs",
      "file": "primeng_treeselect.js",
      "fileHash": "ca0e634c",
      "needsInterop": false
    },
    "primeng/treetable": {
      "src": "../../../../../../node_modules/primeng/fesm2022/primeng-treetable.mjs",
      "file": "primeng_treetable.js",
      "fileHash": "fb4c45c7",
      "needsInterop": false
    },
    "primeng/tristatecheckbox": {
      "src": "../../../../../../node_modules/primeng/fesm2022/primeng-tristatecheckbox.mjs",
      "file": "primeng_tristatecheckbox.js",
      "fileHash": "a3c43d43",
      "needsInterop": false
    },
    "primeng/virtualscroller": {
      "src": "../../../../../../node_modules/primeng/fesm2022/primeng-virtualscroller.mjs",
      "file": "primeng_virtualscroller.js",
      "fileHash": "2ec50280",
      "needsInterop": false
    },
    "xlsx": {
      "src": "../../../../../../node_modules/xlsx/xlsx.mjs",
      "file": "xlsx.js",
      "fileHash": "4dfe4109",
      "needsInterop": false
    }
  },
  "chunks": {
    "quill-2I6FIPDM": {
      "file": "quill-2I6FIPDM.js"
    },
    "chunk-ZBX4RMVN": {
      "file": "chunk-ZBX4RMVN.js"
    },
    "chunk-3JKIYD3T": {
      "file": "chunk-3JKIYD3T.js"
    },
    "chunk-VP24MLDQ": {
      "file": "chunk-VP24MLDQ.js"
    },
    "chunk-7UTM3FYK": {
      "file": "chunk-7UTM3FYK.js"
    },
    "chunk-V2ZL4PFO": {
      "file": "chunk-V2ZL4PFO.js"
    },
    "chunk-XWIMBAEJ": {
      "file": "chunk-XWIMBAEJ.js"
    },
    "chunk-DEZ4U4UX": {
      "file": "chunk-DEZ4U4UX.js"
    },
    "chunk-HBC7XJBF": {
      "file": "chunk-HBC7XJBF.js"
    },
    "chunk-YBHMMHBD": {
      "file": "chunk-YBHMMHBD.js"
    },
    "chunk-6SPC4NGP": {
      "file": "chunk-6SPC4NGP.js"
    },
    "chunk-TAK7GXA5": {
      "file": "chunk-TAK7GXA5.js"
    },
    "chunk-W5CNCOSU": {
      "file": "chunk-W5CNCOSU.js"
    },
    "chunk-DDJD3KLD": {
      "file": "chunk-DDJD3KLD.js"
    },
    "chunk-KJXUVEBG": {
      "file": "chunk-KJXUVEBG.js"
    },
    "chunk-6ZHDV7PX": {
      "file": "chunk-6ZHDV7PX.js"
    },
    "chunk-SOSXYHYH": {
      "file": "chunk-SOSXYHYH.js"
    },
    "chunk-LOIM3W5D": {
      "file": "chunk-LOIM3W5D.js"
    },
    "chunk-PYDANY2W": {
      "file": "chunk-PYDANY2W.js"
    },
    "chunk-WEBPCWL4": {
      "file": "chunk-WEBPCWL4.js"
    },
    "chunk-ZZX2PD5H": {
      "file": "chunk-ZZX2PD5H.js"
    },
    "chunk-QNHZBWWG": {
      "file": "chunk-QNHZBWWG.js"
    },
    "chunk-LCG24YN2": {
      "file": "chunk-LCG24YN2.js"
    },
    "chunk-TIY4IXN3": {
      "file": "chunk-TIY4IXN3.js"
    },
    "chunk-WRFQCXPA": {
      "file": "chunk-WRFQCXPA.js"
    },
    "chunk-FHNUXRZ2": {
      "file": "chunk-FHNUXRZ2.js"
    },
    "chunk-VX76V4LW": {
      "file": "chunk-VX76V4LW.js"
    },
    "chunk-KIW4LN7H": {
      "file": "chunk-KIW4LN7H.js"
    },
    "chunk-GO3NQC6K": {
      "file": "chunk-GO3NQC6K.js"
    },
    "chunk-CEC53MPK": {
      "file": "chunk-CEC53MPK.js"
    },
    "chunk-2UXIC42N": {
      "file": "chunk-2UXIC42N.js"
    },
    "chunk-TEOTYYAB": {
      "file": "chunk-TEOTYYAB.js"
    },
    "chunk-BNOJNWF5": {
      "file": "chunk-BNOJNWF5.js"
    },
    "chunk-OZTJUM3B": {
      "file": "chunk-OZTJUM3B.js"
    },
    "chunk-FWNDLUN5": {
      "file": "chunk-FWNDLUN5.js"
    },
    "chunk-4ISVY4EN": {
      "file": "chunk-4ISVY4EN.js"
    },
    "chunk-NV347Z5T": {
      "file": "chunk-NV347Z5T.js"
    },
    "chunk-FIXMOXP3": {
      "file": "chunk-FIXMOXP3.js"
    },
    "chunk-3D4CGHXH": {
      "file": "chunk-3D4CGHXH.js"
    },
    "chunk-PVJ243FW": {
      "file": "chunk-PVJ243FW.js"
    },
    "chunk-IFC34UMB": {
      "file": "chunk-IFC34UMB.js"
    },
    "chunk-VBPU4HHL": {
      "file": "chunk-VBPU4HHL.js"
    },
    "chunk-2I3767OG": {
      "file": "chunk-2I3767OG.js"
    },
    "chunk-TQVGQIHD": {
      "file": "chunk-TQVGQIHD.js"
    },
    "chunk-A3W7HRTU": {
      "file": "chunk-A3W7HRTU.js"
    },
    "chunk-L2SABUG2": {
      "file": "chunk-L2SABUG2.js"
    },
    "chunk-M4VYGO3K": {
      "file": "chunk-M4VYGO3K.js"
    },
    "chunk-NVWVTKUH": {
      "file": "chunk-NVWVTKUH.js"
    },
    "chunk-5VCXWYFV": {
      "file": "chunk-5VCXWYFV.js"
    },
    "chunk-4VBMWFH7": {
      "file": "chunk-4VBMWFH7.js"
    },
    "chunk-24OLDFJI": {
      "file": "chunk-24OLDFJI.js"
    },
    "chunk-GLDXQWTJ": {
      "file": "chunk-GLDXQWTJ.js"
    },
    "chunk-4MWRP73S": {
      "file": "chunk-4MWRP73S.js"
    }
  }
}